Sigle;Dateiname;Fragebuch;ErhebungsId
UB_MA;PP02_109_UB_MA_01.ogg;01;13
UB_MA;PP02_109_UB_MA_02.ogg;02;14
UB_MA;PP02_109_UB_MA_03.ogg;03;15
UB_MA;PP02_109_UB_MA_04.ogg;04;16
UB_MA;PP02_109_UB_MA_05.ogg;05;17
UB_MA;PP02_109_UB_MA_06.ogg;06;18
UB_MA;PP02_109_UB_MA_07.ogg;07;19
UB_MA2;PP02_114_UB_MA2_01.ogg;01;13
UB_MA2;PP02_114_UB_MA2_02.ogg;02;14
UB_MA2;PP02_114_UB_MA2_03.ogg;03;15
UB_MA2;PP02_114_UB_MA2_04.ogg;04;16
UB_MA2;PP02_114_UB_MA2_05.ogg;05;17
UB_MA2;PP02_114_UB_MA2_06.ogg;06;18
UB_MA2;PP02_114_UB_MA2_07.ogg;07;19
UB_MJ;PP02_110_UB_MJ_01.ogg;01;13
UB_MJ;PP02_110_UB_MJ_02.ogg;02;14
UB_MJ;PP02_110_UB_MJ_03.ogg;03;15
UB_MJ;PP02_110_UB_MJ_04.ogg;04;16
UB_MJ;PP02_110_UB_MJ_05.ogg;05;17
UB_MJ;PP02_110_UB_MJ_06.ogg;06;18
UB_MJ;PP02_110_UB_MJ_07.ogg;07;19
UB_MJ2;PP02_111_UB_MJ2_01.ogg;01;13
UB_MJ2;PP02_111_UB_MJ2_02.ogg;02;14
UB_MJ2;PP02_111_UB_MJ2_03.ogg;03;15
UB_MJ2;PP02_111_UB_MJ2_04.ogg;04;16
UB_MJ2;PP02_111_UB_MJ2_05.ogg;05;17
UB_MJ2;PP02_111_UB_MJ2_06.ogg;06;18
UB_MJ2;PP02_111_UB_MJ2_07.ogg;07;19
UB_WJ;PP02_113_UB_WJ_01.ogg;01;13
UB_WJ;PP02_113_UB_WJ_02.ogg;02;14
UB_WJ;PP02_113_UB_WJ_03.ogg;03;15
UB_WJ;PP02_113_UB_WJ_04.ogg;04;16
UB_WJ;PP02_113_UB_WJ_05.ogg;05;17
UB_WJ;PP02_113_UB_WJ_06.ogg;06;18
UB_WJ;PP02_113_UB_WJ_07.ogg;07;19
BD_MA;PP02_006_BD_MA_01.ogg;01;13
BD_MA;PP02_006_BD_MA_02.ogg;02;14
BD_MA;PP02_006_BD_MA_03.ogg;03;15
BD_MA;PP02_006_BD_MA_04.ogg;04;16
BD_MA;PP02_006_BD_MA_05.ogg;05;17
BD_MA;PP02_006_BD_MA_06.ogg;06;18
BD_MA;PP02_006_BD_MA_07.ogg;07;19
BD_WA;PP02_011_BD_WA_01.ogg;01;13
BD_WA;PP02_011_BD_WA_02.ogg;02;14
BD_WA;PP02_011_BD_WA_03.ogg;03;15
BD_WA;PP02_011_BD_WA_04.ogg;04;16
BD_WA;PP02_011_BD_WA_05.ogg;05;17
BD_WA;PP02_011_BD_WA_06.ogg;06;18
BD_WA;PP02_011_BD_WA_07.ogg;07;19
BD_MJ;PP02_041_BD_MJ_01.ogg;01;13
BD_MJ;PP02_041_BD_MJ_02.ogg;02;14
BD_MJ;PP02_041_BD_MJ_03.ogg;03;15
BD_MJ;PP02_041_BD_MJ_04.ogg;04;16
BD_MJ;PP02_041_BD_MJ_05.ogg;05;17
BD_MJ;PP02_041_BD_MJ_06.ogg;06;18
BD_MJ;PP02_041_BD_MJ_07.ogg;07;19
BD_WJ;PP02_007_BD_WJ_01.ogg;01;13
BD_WJ;PP02_007_BD_WJ_02.ogg;02;14
BD_WJ;PP02_007_BD_WJ_03.ogg;03;15
BD_WJ;PP02_007_BD_WJ_04.ogg;04;16
BD_WJ;PP02_007_BD_WJ_05.ogg;05;17
BD_WJ;PP02_007_BD_WJ_06.ogg;06;18
BD_WJ;PP02_007_BD_WJ_07.ogg;07;19
AB_MJ;PP02_143_AB_MJ_01.ogg;01;13
AB_MJ;PP02_143_AB_MJ_02.ogg;02;14
AB_MJ;PP02_143_AB_MJ_03.ogg;03;15
AB_MJ;PP02_143_AB_MJ_04.ogg;04;16
AB_MJ;PP02_143_AB_MJ_05.ogg;05;17
AB_MJ;PP02_143_AB_MJ_06.ogg;06;18
AB_MJ;PP02_143_AB_MJ_07.ogg;07;19
AP_WJ;PP02_146_AP_WJ_01.ogg;01;13
AP_WJ;PP02_146_AP_WJ_02.ogg;02;14
AP_WJ;PP02_146_AP_WJ_03.ogg;03;15
AP_WJ;PP02_146_AP_WJ_04.ogg;04;16
AP_WJ;PP02_146_AP_WJ_05.ogg;05;17
AP_WJ;PP02_146_AP_WJ_06.ogg;06;18
AP_WJ;PP02_146_AP_WJ_07.ogg;07;19
WE_MA;PP02_153_WE_MA_01.ogg;01;13
WE_MA;PP02_153_WE_MA_02.ogg;02;14
WE_MA;PP02_153_WE_MA_03.ogg;03;15
WE_MA;PP02_153_WE_MA_04.ogg;04;16
WE_MA;PP02_153_WE_MA_05.ogg;05;17
WE_MA;PP02_153_WE_MA_06.ogg;06;18
WE_MA;PP02_153_WE_MA_07.ogg;07;19
FO_MA;PP02_049_FO_MA_01.ogg;01;13
FO_MA;PP02_049_FO_MA_02.ogg;02;14
FO_MA;PP02_049_FO_MA_03.ogg;03;15
FO_MA;PP02_049_FO_MA_04.ogg;04;16
FO_MA;PP02_049_FO_MA_05.ogg;05;17
FO_MA;PP02_049_FO_MA_06.ogg;06;18
FO_MA;PP02_049_FO_MA_07.ogg;07;19
UB_WA;XXX_UB_WA_01.ogg;01;13
UB_WA;XXX_UB_WA_02.ogg;02;14
UB_WA;XXX_UB_WA_03.ogg;03;15
UB_WA;XXX_UB_WA_04.ogg;04;16
UB_WA;XXX_UB_WA_05.ogg;05;17
UB_WA;XXX_UB_WA_06.ogg;06;18
UB_WA;XXX_UB_WA_07.ogg;07;19
HU_WA;PP02_002_HU_WA_01.ogg;01;13
HU_WA;PP02_002_HU_WA_02.ogg;02;14
HU_WA;PP02_002_HU_WA_03.ogg;03;15
HU_WA;PP02_002_HU_WA_04.ogg;04;16
HU_WA;PP02_002_HU_WA_05.ogg;05;17
HU_WA;PP02_002_HU_WA_06.ogg;06;18
HU_WA;PP02_002_HU_WA_07.ogg;07;19
HU_MA;PP02_001_HU_MA_01.ogg;01;13
HU_MA;PP02_001_HU_MA_02.ogg;02;14
HU_MA;PP02_001_HU_MA_03.ogg;03;15
HU_MA;PP02_001_HU_MA_04.ogg;04;16
HU_MA;PP02_001_HU_MA_05.ogg;05;17
HU_MA;PP02_001_HU_MA_06.ogg;06;18
HU_MA;PP02_001_HU_MA_07.ogg;07;19
HU_WJ;PP02_003_HU_WJ_01.ogg;01;13
HU_WJ;PP02_003_HU_WJ_02.ogg;02;14
HU_WJ;PP02_003_HU_WJ_03.ogg;03;15
HU_WJ;PP02_003_HU_WJ_04.ogg;04;16
HU_WJ;PP02_003_HU_WJ_05.ogg;05;17
HU_WJ;PP02_003_HU_WJ_06.ogg;06;18
HU_WJ;PP02_003_HU_WJ_07.ogg;07;19
HU_MJ;PP02_005_HU_MJ_01.ogg;01;13
HU_MJ;PP02_005_HU_MJ_02.ogg;02;14
HU_MJ;PP02_005_HU_MJ_03.ogg;03;15
HU_MJ;PP02_005_HU_MJ_04.ogg;04;16
HU_MJ;PP02_005_HU_MJ_05.ogg;05;17
HU_MJ;PP02_005_HU_MJ_06.ogg;06;18
HU_MJ;PP02_005_HU_MJ_07.ogg;07;19
LE_MA;PP02_021_LE_MA_01.ogg;01;13
LE_MA;PP02_021_LE_MA_02.ogg;02;14
LE_MA;PP02_021_LE_MA_03.ogg;03;15
LE_MA;PP02_021_LE_MA_04.ogg;04;16
LE_MA;PP02_021_LE_MA_05.ogg;05;17
LE_MA;PP02_021_LE_MA_06.ogg;06;18
LE_MA;PP02_021_LE_MA_07.ogg;07;19
MA_WA;PP02_013_MA_WA_01.ogg;01;13
MA_WA;PP02_013_MA_WA_02.ogg;02;14
MA_WA;PP02_013_MA_WA_03.ogg;03;15
MA_WA;PP02_013_MA_WA_04.ogg;04;16
MA_WA;PP02_013_MA_WA_05.ogg;05;17
MA_WA;PP02_013_MA_WA_06.ogg;06;18
MA_WA;PP02_013_MA_WA_07.ogg;07;19
MA_MA;PP02_019_MA_MA_01.ogg;01;13
MA_MA;PP02_019_MA_MA_02.ogg;02;14
MA_MA;PP02_019_MA_MA_03.ogg;03;15
MA_MA;PP02_019_MA_MA_04.ogg;04;16
MA_MA;PP02_019_MA_MA_05.ogg;05;17
MA_MA;PP02_019_MA_MA_06.ogg;06;18
MA_MA;PP02_019_MA_MA_07.ogg;07;19
MA_WJ;PP02_012_MA_WJ_01.ogg;01;13
MA_WJ;PP02_012_MA_WJ_02.ogg;02;14
MA_WJ;PP02_012_MA_WJ_03.ogg;03;15
MA_WJ;PP02_012_MA_WJ_04.ogg;04;16
MA_WJ;PP02_012_MA_WJ_05.ogg;05;17
MA_WJ;PP02_012_MA_WJ_06.ogg;06;18
MA_WJ;PP02_012_MA_WJ_07.ogg;07;19
MA_MJ;PP02_084_MA_MJ_01.ogg;01;13
MA_MJ;PP02_084_MA_MJ_02.ogg;02;14
MA_MJ;PP02_084_MA_MJ_03.ogg;03;15
MA_MJ;PP02_084_MA_MJ_04.ogg;04;16
MA_MJ;PP02_084_MA_MJ_05.ogg;05;17
MA_MJ;PP02_084_MA_MJ_06.ogg;06;18
MA_MJ;PP02_084_MA_MJ_07.ogg;07;19
RB_MA;PP02_008_RB_MA_01.ogg;01;13
RB_MA;PP02_008_RB_MA_02.ogg;02;14
RB_MA;PP02_008_RB_MA_03.ogg;03;15
RB_MA;PP02_008_RB_MA_04.ogg;04;16
RB_MA;PP02_008_RB_MA_05.ogg;05;17
RB_MA;PP02_008_RB_MA_06.ogg;06;18
RB_MA;PP02_008_RB_MA_07.ogg;07;19
LE_WA;PP02_020_LE_WA_01.ogg;01;13
LE_WA;PP02_020_LE_WA_02.ogg;02;14
LE_WA;PP02_020_LE_WA_03.ogg;03;15
LE_WA;PP02_020_LE_WA_04.ogg;04;16
LE_WA;PP02_020_LE_WA_05.ogg;05;17
LE_WA;PP02_020_LE_WA_06.ogg;06;18
LE_WA;PP02_020_LE_WA_07.ogg;07;19
LE_MJ;PP02_073_LE_MJ_01.ogg;01;13
LE_MJ;PP02_073_LE_MJ_02.ogg;02;14
LE_MJ;PP02_073_LE_MJ_03.ogg;03;15
LE_MJ;PP02_073_LE_MJ_04.ogg;04;16
LE_MJ;PP02_073_LE_MJ_05.ogg;05;17
LE_MJ;PP02_073_LE_MJ_06.ogg;06;18
LE_MJ;PP02_073_LE_MJ_07.ogg;07;19
LE_WJ;PP02_071_LE_WJ_01.ogg;01;13
LE_WJ;PP02_071_LE_WJ_02.ogg;02;14
LE_WJ;PP02_071_LE_WJ_03.ogg;03;15
LE_WJ;PP02_071_LE_WJ_04.ogg;04;16
LE_WJ;PP02_071_LE_WJ_05.ogg;05;17
LE_WJ;PP02_071_LE_WJ_06.ogg;06;18
LE_WJ;PP02_071_LE_WJ_07.ogg;07;19
RB_WA;PP02_010_RB_WA_01.ogg;01;13
RB_WA;PP02_010_RB_WA_02.ogg;02;14
RB_WA;PP02_010_RB_WA_03.ogg;03;15
RB_WA;PP02_010_RB_WA_04.ogg;04;16
RB_WA;PP02_010_RB_WA_05.ogg;05;17
RB_WA;PP02_010_RB_WA_06.ogg;06;18
RB_WA;PP02_010_RB_WA_07.ogg;07;19
RB_WJ;PP02_09_RB_WJ_01.ogg;01;13
RB_WJ;PP02_09_RB_WJ_02.ogg;02;14
RB_WJ;PP02_09_RB_WJ_03.ogg;03;15
RB_WJ;PP02_09_RB_WJ_04.ogg;04;16
RB_WJ;PP02_09_RB_WJ_05.ogg;05;17
RB_WJ;PP02_09_RB_WJ_06.ogg;06;18
RB_WJ;PP02_09_RB_WJ_07.ogg;07;19
NE_WA;PP02_34_NE_WA_01.ogg;01;13
NE_WA;PP02_34_NE_WA_02.ogg;02;14
NE_WA;PP02_34_NE_WA_03.ogg;03;15
NE_WA;PP02_34_NE_WA_04.ogg;04;16
NE_WA;PP02_34_NE_WA_05.ogg;05;17
NE_WA;PP02_34_NE_WA_06.ogg;06;18
NE_WA;PP02_34_NE_WA_07.ogg;07;19
TS_MA;PP02_056_TS_MA_01.ogg;01;13
TS_MA;PP02_056_TS_MA_02.ogg;02;14
TS_MA;PP02_056_TS_MA_03.ogg;03;15
TS_MA;PP02_056_TS_MA_04.ogg;04;16
TS_MA;PP02_056_TS_MA_05.ogg;05;17
TS_MA;PP02_056_TS_MA_06.ogg;06;18
TS_MA;PP02_056_TS_MA_07.ogg;07;19
NE_WJ;PP02_31_NE_WJ_01.ogg;01;13
NE_WJ;PP02_31_NE_WJ_02.ogg;02;14
NE_WJ;PP02_31_NE_WJ_03.ogg;03;15
NE_WJ;PP02_31_NE_WJ_04.ogg;04;16
NE_WJ;PP02_31_NE_WJ_05.ogg;05;17
NE_WJ;PP02_31_NE_WJ_06.ogg;06;18
NE_WJ;PP02_31_NE_WJ_07.ogg;07;19
NE_MA;PP02_31_NE_MA_01.ogg;01;13
NE_MA;PP02_31_NE_MA_02.ogg;02;14
NE_MA;PP02_31_NE_MA_03.ogg;03;15
NE_MA;PP02_31_NE_MA_04.ogg;04;16
NE_MA;PP02_31_NE_MA_05.ogg;05;17
NE_MA;PP02_31_NE_MA_06.ogg;06;18
NE_MA;PP02_31_NE_MA_07.ogg;07;19
HB_MA;PP02_027_HB_MA_01.ogg;01;13
HB_MA;PP02_027_HB_MA_02.ogg;02;14
HB_MA;PP02_027_HB_MA_03.ogg;03;15
HB_MA;PP02_027_HB_MA_04.ogg;04;16
HB_MA;PP02_027_HB_MA_05.ogg;05;17
HB_MA;PP02_027_HB_MA_06.ogg;06;18
HB_MA;PP02_027_HB_MA_07.ogg;07;19
HB_WA;PP02_029_HB_WA_01.ogg;01;13
HB_WA;PP02_029_HB_WA_02.ogg;02;14
HB_WA;PP02_029_HB_WA_03.ogg;03;15
HB_WA;PP02_029_HB_WA_04.ogg;04;16
HB_WA;PP02_029_HB_WA_05.ogg;05;17
HB_WA;PP02_029_HB_WA_06.ogg;06;18
HB_WA;PP02_029_HB_WA_07.ogg;07;19
HB_MJ;PP02_028_HB_MJ_01.ogg;01;13
HB_MJ;PP02_028_HB_MJ_02.ogg;02;14
HB_MJ;PP02_028_HB_MJ_03.ogg;03;15
HB_MJ;PP02_028_HB_MJ_04.ogg;04;16
HB_MJ;PP02_028_HB_MJ_05.ogg;05;17
HB_MJ;PP02_028_HB_MJ_06.ogg;06;18
HB_MJ;PP02_028_HB_MJ_07.ogg;07;19
HB_WJ;PP02_030_HB_WJ_01.ogg;01;13
HB_WJ;PP02_030_HB_WJ_02.ogg;02;14
HB_WJ;PP02_030_HB_WJ_03.ogg;03;15
HB_WJ;PP02_030_HB_WJ_04.ogg;04;16
HB_WJ;PP02_030_HB_WJ_05.ogg;05;17
HB_WJ;PP02_030_HB_WJ_06.ogg;06;18
HB_WJ;PP02_030_HB_WJ_07.ogg;07;19
KS_MA;PP02_014_KS_MA_01.ogg;01;13
KS_MA;PP02_014_KS_MA_02.ogg;02;14
KS_MA;PP02_014_KS_MA_03.ogg;03;15
KS_MA;PP02_014_KS_MA_04.ogg;04;16
KS_MA;PP02_014_KS_MA_05.ogg;05;17
KS_MA;PP02_014_KS_MA_06.ogg;06;18
KS_MA;PP02_014_KS_MA_07.ogg;07;19
KS_WA;PP02_063_KS_WA_01.ogg;01;13
KS_WA;PP02_063_KS_WA_02.ogg;02;14
KS_WA;PP02_063_KS_WA_03.ogg;03;15
KS_WA;PP02_063_KS_WA_04.ogg;04;16
KS_WA;PP02_063_KS_WA_05.ogg;05;17
KS_WA;PP02_063_KS_WA_06.ogg;06;18
KS_WA;PP02_063_KS_WA_07.ogg;07;19
KS_MJ;PP02_016_KS_MJ_01.ogg;01;13
KS_MJ;PP02_016_KS_MJ_02.ogg;02;14
KS_MJ;PP02_016_KS_MJ_03.ogg;03;15
KS_MJ;PP02_016_KS_MJ_04.ogg;04;16
KS_MJ;PP02_016_KS_MJ_05.ogg;05;17
KS_MJ;PP02_016_KS_MJ_06.ogg;06;18
KS_MJ;PP02_016_KS_MJ_07.ogg;07;19
KS_WJ;PP02_015_KS_WJ_01.ogg;01;13
KS_WJ;PP02_015_KS_WJ_02.ogg;02;14
KS_WJ;PP02_015_KS_WJ_03.ogg;03;15
KS_WJ;PP02_015_KS_WJ_04.ogg;04;16
KS_WJ;PP02_015_KS_WJ_05.ogg;05;17
KS_WJ;PP02_015_KS_WJ_06.ogg;06;18
KS_WJ;PP02_015_KS_WJ_07.ogg;07;19
GI_WA;PP02_039_GI_WA_01.ogg;01;13
GI_WA;PP02_039_GI_WA_02.ogg;02;14
GI_WA;PP02_039_GI_WA_03.ogg;03;15
GI_WA;PP02_039_GI_WA_04.ogg;04;16
GI_WA;PP02_039_GI_WA_05.ogg;05;17
GI_WA;PP02_039_GI_WA_06.ogg;06;18
GI_WA;PP02_039_GI_WA_07.ogg;07;19
GI_MA;PP02_040_GI_MA_01.ogg;01;13
GI_MA;PP02_040_GI_MA_02.ogg;02;14
GI_MA;PP02_040_GI_MA_03.ogg;03;15
GI_MA;PP02_040_GI_MA_04.ogg;04;16
GI_MA;PP02_040_GI_MA_05.ogg;05;17
GI_MA;PP02_040_GI_MA_06.ogg;06;18
GI_MA;PP02_040_GI_MA_07.ogg;07;19
NE_MJ;PP02_32_NE_MJ_01.ogg;01;13
NE_MJ;PP02_32_NE_MJ_02.ogg;02;14
NE_MJ;PP02_32_NE_MJ_03.ogg;03;15
NE_MJ;PP02_32_NE_MJ_04.ogg;04;16
NE_MJ;PP02_32_NE_MJ_05.ogg;05;17
NE_MJ;PP02_32_NE_MJ_06.ogg;06;18
NE_MJ;PP02_32_NE_MJ_07.ogg;07;19
HO_MA;PP02_018_HO_MA_01.ogg;01;13
HO_MA;PP02_018_HO_MA_02.ogg;02;14
HO_MA;PP02_018_HO_MA_03.ogg;03;15
HO_MA;PP02_018_HO_MA_04.ogg;04;16
HO_MA;PP02_018_HO_MA_05.ogg;05;17
HO_MA;PP02_018_HO_MA_06.ogg;06;18
HO_MA;PP02_018_HO_MA_07.ogg;07;19
HO_MJ;PP02_017_HO_MJ_01.ogg;01;13
HO_MJ;PP02_017_HO_MJ_02.ogg;02;14
HO_MJ;PP02_017_HO_MJ_03.ogg;03;15
HO_MJ;PP02_017_HO_MJ_04.ogg;04;16
HO_MJ;PP02_017_HO_MJ_05.ogg;05;17
HO_MJ;PP02_017_HO_MJ_06.ogg;06;18
HO_MJ;PP02_017_HO_MJ_07.ogg;07;19
HO_WA;PP02_067_HO_WA_01.ogg;01;13
HO_WA;PP02_067_HO_WA_02.ogg;02;14
HO_WA;PP02_067_HO_WA_03.ogg;03;15
HO_WA;PP02_067_HO_WA_04.ogg;04;16
HO_WA;PP02_067_HO_WA_05.ogg;05;17
HO_WA;PP02_067_HO_WA_06.ogg;06;18
HO_WA;PP02_067_HO_WA_07.ogg;07;19
TS_WJ;PP02_054_TS_WJ_01.ogg;01;13
TS_WJ;PP02_054_TS_WJ_02.ogg;02;14
TS_WJ;PP02_054_TS_WJ_03.ogg;03;15
TS_WJ;PP02_054_TS_WJ_04.ogg;04;16
TS_WJ;PP02_054_TS_WJ_05.ogg;05;17
TS_WJ;PP02_054_TS_WJ_06.ogg;06;18
TS_WJ;PP02_054_TS_WJ_07.ogg;07;19
HO_WA;PP02_068_HO_WJ_01.ogg;01;13
HO_WA;PP02_068_HO_WJ_02.ogg;02;14
HO_WA;PP02_068_HO_WJ_03.ogg;03;15
HO_WA;PP02_068_HO_WJ_04.ogg;04;16
HO_WA;PP02_068_HO_WJ_05.ogg;05;17
HO_WA;PP02_068_HO_WJ_06.ogg;06;18
HO_WA;PP02_068_HO_WJ_07.ogg;07;19
TS_WA;PP02_055_TS_WA_01.ogg;01;13
TS_WA;PP02_055_TS_WA_02.ogg;02;14
TS_WA;PP02_055_TS_WA_03.ogg;03;15
TS_WA;PP02_055_TS_WA_04.ogg;04;16
TS_WA;PP02_055_TS_WA_05.ogg;05;17
TS_WA;PP02_055_TS_WA_06.ogg;06;18
TS_WA;PP02_055_TS_WA_07.ogg;07;19
TS_MJ;PP02_052_TS_MJ_1.ogg;01;13
TS_MJ;PP02_052_TS_MJ_2.ogg;02;14
TS_MJ;PP02_052_TS_MJ_3.ogg;03;15
TS_MJ;PP02_052_TS_MJ_4.ogg;04;16
TS_MJ;PP02_052_TS_MJ_5.ogg;05;17
TS_MJ;PP02_052_TS_MJ_6.ogg;06;18
TS_MJ;PP02_052_TS_MJ_7.ogg;07;19
FO_WA;PP02_106_FO_WA_01.ogg;01;13
FO_WA;PP02_106_FO_WA_02.ogg;02;14
FO_WA;PP02_106_FO_WA_03.ogg;03;15
FO_WA;PP02_106_FO_WA_04.ogg;04;16
FO_WA;PP02_106_FO_WA_05.ogg;05;17
FO_WA;PP02_106_FO_WA_06.ogg;06;18
FO_WA;PP02_106_FO_WA_07.ogg;07;19
FO_MJ;PP02_107_FO_MJ_01.ogg;01;13
FO_MJ;PP02_107_FO_MJ_02.ogg;02;14
FO_MJ;PP02_107_FO_MJ_03.ogg;03;15
FO_MJ;PP02_107_FO_MJ_04.ogg;04;16
FO_MJ;PP02_107_FO_MJ_05.ogg;05;17
FO_MJ;PP02_107_FO_MJ_06.ogg;06;18
FO_MJ;PP02_107_FO_MJ_07.ogg;07;19
AD_MA;PP02_116_AD_MA_01.ogg;01;13
AD_MA;PP02_116_AD_MA_02.ogg;02;14
AD_MA;PP02_116_AD_MA_03.ogg;03;15
AD_MA;PP02_116_AD_MA_04.ogg;04;16
AD_MA;PP02_116_AD_MA_05.ogg;05;17
AD_MA;PP02_116_AD_MA_06.ogg;06;18
AD_MA;PP02_116_AD_MA_07.ogg;07;19
AD_WA;PP02_115_AD_WA_01.ogg;01;13
AD_WA;PP02_115_AD_WA_02.ogg;02;14
AD_WA;PP02_115_AD_WA_03.ogg;03;15
AD_WA;PP02_115_AD_WA_04.ogg;04;16
AD_WA;PP02_115_AD_WA_05.ogg;05;17
AD_WA;PP02_115_AD_WA_06.ogg;06;18
AD_WA;PP02_115_AD_WA_07.ogg;07;19
AD_MJ;PP02_117_AD_MJ_01.ogg;01;13
AD_MJ;PP02_117_AD_MJ_02.ogg;02;14
AD_MJ;PP02_117_AD_MJ_03.ogg;03;15
AD_MJ;PP02_117_AD_MJ_04.ogg;04;16
AD_MJ;PP02_117_AD_MJ_05.ogg;05;17
AD_MJ;PP02_117_AD_MJ_06.ogg;06;18
AD_MJ;PP02_117_AD_MJ_07.ogg;07;19
FO_WJ;PP02_108_FO_WJ_01.ogg;01;13
FO_WJ;PP02_108_FO_WJ_02.ogg;02;14
FO_WJ;PP02_108_FO_WJ_03.ogg;03;15
FO_WJ;PP02_108_FO_WJ_04.ogg;04;16
FO_WJ;PP02_108_FO_WJ_05.ogg;05;17
FO_WJ;PP02_108_FO_WJ_06.ogg;06;18
FO_WJ;PP02_108_FO_WJ_07.ogg;07;19
RB_MJ;PP02_126_RB_MJ_01.ogg;01;13
RB_MJ;PP02_126_RB_MJ_02.ogg;02;14
RB_MJ;PP02_126_RB_MJ_03.ogg;03;15
RB_MJ;PP02_126_RB_MJ_04.ogg;04;16
RB_MJ;PP02_126_RB_MJ_05.ogg;05;17
RB_MJ;PP02_126_RB_MJ_06.ogg;06;18
RB_MJ;PP02_126_RB_MJ_07.ogg;07;19
ML_MA;PP02_023_ML_MA_01.ogg;01;13
ML_MA;PP02_023_ML_MA_02.ogg;02;14
ML_MA;PP02_023_ML_MA_03.ogg;03;15
ML_MA;PP02_023_ML_MA_04.ogg;04;16
ML_MA;PP02_023_ML_MA_05.ogg;05;17
ML_MA;PP02_023_ML_MA_06.ogg;06;18
ML_MA;PP02_023_ML_MA_07.ogg;07;19
ML_WA;PP02_022_ML_WA_01.ogg;01;13
ML_WA;PP02_022_ML_WA_02.ogg;02;14
ML_WA;PP02_022_ML_WA_03.ogg;03;15
ML_WA;PP02_022_ML_WA_04.ogg;04;16
ML_WA;PP02_022_ML_WA_05.ogg;05;17
ML_WA;PP02_022_ML_WA_06.ogg;06;18
ML_WA;PP02_022_ML_WA_07.ogg;07;19
ML_MJ;PP02_090_ML_MJ_01.ogg;01;13
ML_MJ;PP02_090_ML_MJ_02.ogg;02;14
ML_MJ;PP02_090_ML_MJ_03.ogg;03;15
ML_MJ;PP02_090_ML_MJ_04.ogg;04;16
ML_MJ;PP02_090_ML_MJ_05.ogg;05;17
ML_MJ;PP02_090_ML_MJ_06.ogg;06;18
ML_MJ;PP02_090_ML_MJ_07.ogg;07;19
ML_WJ;PP02_088_ML_WJ_01.ogg;01;13
ML_WJ;PP02_088_ML_WJ_02.ogg;02;14
ML_WJ;PP02_088_ML_WJ_03.ogg;03;15
ML_WJ;PP02_088_ML_WJ_04.ogg;04;16
ML_WJ;PP02_088_ML_WJ_05.ogg;05;17
ML_WJ;PP02_088_ML_WJ_06.ogg;06;18
ML_WJ;PP02_088_ML_WJ_07.ogg;07;19
LI_MA;PP02_101_LI_MA_01.ogg;01;13
LI_MA;PP02_101_LI_MA_02.ogg;02;14
LI_MA;PP02_101_LI_MA_03.ogg;03;15
LI_MA;PP02_101_LI_MA_04.ogg;04;16
LI_MA;PP02_101_LI_MA_05.ogg;05;17
LI_MA;PP02_101_LI_MA_06.ogg;06;18
LI_MA;PP02_101_LI_MA_07.ogg;07;19
LI_WA;PP02_057_LI_WA_01.ogg;01;13
LI_WA;PP02_057_LI_WA_02.ogg;02;14
LI_WA;PP02_057_LI_WA_03.ogg;03;15
LI_WA;PP02_057_LI_WA_04.ogg;04;16
LI_WA;PP02_057_LI_WA_05.ogg;05;17
LI_WA;PP02_057_LI_WA_06.ogg;06;18
LI_WA;PP02_057_LI_WA_07.ogg;07;19
LI_MJ;PP02_058_LI_MJ_01.ogg;01;13
LI_MJ;PP02_058_LI_MJ_02.ogg;02;14
LI_MJ;PP02_058_LI_MJ_03.ogg;03;15
LI_MJ;PP02_058_LI_MJ_04.ogg;04;16
LI_MJ;PP02_058_LI_MJ_05.ogg;05;17
LI_MJ;PP02_058_LI_MJ_06.ogg;06;18
LI_MJ;PP02_058_LI_MJ_07.ogg;07;19
LI_WJ;PP02_046_LI_WJ_01.ogg;01;13
LI_WJ;PP02_046_LI_WJ_02.ogg;02;14
LI_WJ;PP02_046_LI_WJ_03.ogg;03;15
LI_WJ;PP02_046_LI_WJ_04.ogg;04;16
LI_WJ;PP02_046_LI_WJ_05.ogg;05;17
LI_WJ;PP02_046_LI_WJ_06.ogg;06;18
LI_WJ;PP02_046_LI_WJ_07.ogg;07;19
LA_MA;PP02_053_LA_MA_01.ogg;01;13
LA_MA;PP02_053_LA_MA_02.ogg;02;14
LA_MA;PP02_053_LA_MA_03.ogg;03;15
LA_MA;PP02_053_LA_MA_04.ogg;04;16
LA_MA;PP02_053_LA_MA_05.ogg;05;17
LA_MA;PP02_053_LA_MA_06.ogg;06;18
LA_MA;PP02_053_LA_MA_07.ogg;07;19
LA_WA;PP02_098_LA_WA_01.ogg;01;13
LA_WA;PP02_098_LA_WA_02.ogg;02;14
LA_WA;PP02_098_LA_WA_03.ogg;03;15
LA_WA;PP02_098_LA_WA_04.ogg;04;16
LA_WA;PP02_098_LA_WA_05.ogg;05;17
LA_WA;PP02_098_LA_WA_06.ogg;06;18
LA_WA;PP02_098_LA_WA_07.ogg;07;19
LA_MJ;PP02_050_LA_MJ_01.ogg;01;13
LA_MJ;PP02_050_LA_MJ_02.ogg;02;14
LA_MJ;PP02_050_LA_MJ_03.ogg;03;15
LA_MJ;PP02_050_LA_MJ_04.ogg;04;16
LA_MJ;PP02_050_LA_MJ_05.ogg;05;17
LA_MJ;PP02_050_LA_MJ_06.ogg;06;18
LA_MJ;PP02_050_LA_MJ_07.ogg;07;19
LA_WJ;PP02_099_LA_WJ_01.ogg;01;13
LA_WJ;PP02_099_LA_WJ_02.ogg;02;14
LA_WJ;PP02_099_LA_WJ_03.ogg;03;15
LA_WJ;PP02_099_LA_WJ_04.ogg;04;16
LA_WJ;PP02_099_LA_WJ_05.ogg;05;17
LA_WJ;PP02_099_LA_WJ_06.ogg;06;18
LA_WJ;PP02_099_LA_WJ_07.ogg;07;19
AD_WJ;PP02_118_AD_WJ_01.ogg;01;13
AD_WJ;PP02_118_AD_WJ_02.ogg;02;14
AD_WJ;PP02_118_AD_WJ_03.ogg;03;15
AD_WJ;PP02_118_AD_WJ_04.ogg;04;16
AD_WJ;PP02_118_AD_WJ_05.ogg;05;17
AD_WJ;PP02_118_AD_WJ_06.ogg;06;18
AD_WJ;PP02_118_AD_WJ_07.ogg;07;19
MO_MA;PP02_069_MO_MA_01.ogg;01;13
MO_MA;PP02_069_MO_MA_02.ogg;02;14
MO_MA;PP02_069_MO_MA_03.ogg;03;15
MO_MA;PP02_069_MO_MA_04.ogg;04;16
MO_MA;PP02_069_MO_MA_05.ogg;05;17
MO_MA;PP02_069_MO_MA_06.ogg;06;18
MO_MA;PP02_069_MO_MA_07.ogg;07;19
MO_WA;PP02_070_MO_WA_01.ogg;01;13
MO_WA;PP02_070_MO_WA_02.ogg;02;14
MO_WA;PP02_070_MO_WA_03.ogg;03;15
MO_WA;PP02_070_MO_WA_04.ogg;04;16
MO_WA;PP02_070_MO_WA_05.ogg;05;17
MO_WA;PP02_070_MO_WA_06.ogg;06;18
MO_WA;PP02_070_MO_WA_07.ogg;07;19
GP_MA;PP02_042_GP_MA_01.ogg;01;13
GP_MA;PP02_042_GP_MA_02.ogg;02;14
GP_MA;PP02_042_GP_MA_03.ogg;03;15
GP_MA;PP02_042_GP_MA_04.ogg;04;16
GP_MA;PP02_042_GP_MA_05.ogg;05;17
GP_MA;PP02_042_GP_MA_06.ogg;06;18
GP_MA;PP02_042_GP_MA_07.ogg;07;19
GP_WA;PP02_026_GP_WA_01.ogg;01;13
GP_WA;PP02_026_GP_WA_02.ogg;02;14
GP_WA;PP02_026_GP_WA_03.ogg;03;15
GP_WA;PP02_026_GP_WA_04.ogg;04;16
GP_WA;PP02_026_GP_WA_05.ogg;05;17
GP_WA;PP02_026_GP_WA_06.ogg;06;18
GP_WA;PP02_026_GP_WA_07.ogg;07;19
MO_MJ;PP02_076_MO_MJ_01.ogg;01;13
MO_MJ;PP02_076_MO_MJ_02.ogg;02;14
MO_MJ;PP02_076_MO_MJ_03.ogg;03;15
MO_MJ;PP02_076_MO_MJ_04.ogg;04;16
MO_MJ;PP02_076_MO_MJ_05.ogg;05;17
MO_MJ;PP02_076_MO_MJ_06.ogg;06;18
MO_MJ;PP02_076_MO_MJ_07.ogg;07;19
GP_MJ;PP02_043_GP_MJ_01.ogg;01;13
GP_MJ;PP02_043_GP_MJ_02.ogg;02;14
GP_MJ;PP02_043_GP_MJ_03.ogg;03;15
GP_MJ;PP02_043_GP_MJ_04.ogg;04;16
GP_MJ;PP02_043_GP_MJ_05.ogg;05;17
GP_MJ;PP02_043_GP_MJ_06.ogg;06;18
GP_MJ;PP02_043_GP_MJ_07.ogg;07;19
GP_WJ;PP02_079_GP_WJ_01.ogg;01;13
GP_WJ;PP02_079_GP_WJ_02.ogg;02;14
GP_WJ;PP02_079_GP_WJ_03.ogg;03;15
GP_WJ;PP02_079_GP_WJ_04.ogg;04;16
GP_WJ;PP02_079_GP_WJ_05.ogg;05;17
GP_WJ;PP02_079_GP_WJ_06.ogg;06;18
GP_WJ;PP02_079_GP_WJ_07.ogg;07;19
GI_MJ;PP02_065_GI_MJ_01.ogg;01;13
GI_MJ;PP02_065_GI_MJ_02.ogg;02;14
GI_MJ;PP02_065_GI_MJ_03.ogg;03;15
GI_MJ;PP02_065_GI_MJ_04.ogg;04;16
GI_MJ;PP02_065_GI_MJ_05.ogg;05;17
GI_MJ;PP02_065_GI_MJ_06.ogg;06;18
GI_MJ;PP02_065_GI_MJ_07.ogg;07;19
GI_WJ;PP02_064_GI_WJ_01.ogg;01;13
GI_WJ;PP02_064_GI_WJ_02.ogg;02;14
GI_WJ;PP02_064_GI_WJ_03.ogg;03;15
GI_WJ;PP02_064_GI_WJ_04.ogg;04;16
GI_WJ;PP02_064_GI_WJ_05.ogg;05;17
GI_WJ;PP02_064_GI_WJ_06.ogg;06;18
GI_WJ;PP02_064_GI_WJ_07.ogg;07;19
MI_MA;PP02_025_MI_MA_01.ogg;01;13
MI_MA;PP02_025_MI_MA_02.ogg;02;14
MI_MA;PP02_025_MI_MA_03.ogg;03;15
MI_MA;PP02_025_MI_MA_04.ogg;04;16
MI_MA;PP02_025_MI_MA_05.ogg;05;17
MI_MA;PP02_025_MI_MA_06.ogg;06;18
MI_MA;PP02_025_MI_MA_07.ogg;07;19
DB_MA;PP02_105_DB_MA_01.ogg;01;13
DB_MA;PP02_105_DB_MA_02.ogg;02;14
DB_MA;PP02_105_DB_MA_03.ogg;03;15
DB_MA;PP02_105_DB_MA_04.ogg;04;16
DB_MA;PP02_105_DB_MA_05.ogg;05;17
DB_MA;PP02_105_DB_MA_06.ogg;06;18
DB_MA;PP02_105_DB_MA_07.ogg;07;19
MI_WA;PP02_024_MI_WA_01.ogg;01;13
MI_WA;PP02_024_MI_WA_02.ogg;02;14
MI_WA;PP02_024_MI_WA_03.ogg;03;15
MI_WA;PP02_024_MI_WA_04.ogg;04;16
MI_WA;PP02_024_MI_WA_05.ogg;05;17
MI_WA;PP02_024_MI_WA_06.ogg;06;18
MI_WA;PP02_024_MI_WA_07.ogg;07;19
SS_MJ;PP02_161_SS_MJ_01.ogg;01;13
SS_MJ;PP02_161_SS_MJ_02.ogg;02;14
SS_MJ;PP02_161_SS_MJ_03.ogg;03;15
SS_MJ;PP02_161_SS_MJ_04.ogg;04;16
SS_MJ;PP02_161_SS_MJ_05.ogg;05;17
SS_MJ;PP02_161_SS_MJ_06.ogg;06;18
SS_MJ;PP02_161_SS_MJ_07.ogg;07;19
MO_WJ;PP02_075_MO_WJ_01.ogg;01;13
MO_WJ;PP02_075_MO_WJ_02.ogg;02;14
MO_WJ;PP02_075_MO_WJ_03.ogg;03;15
MO_WJ;PP02_075_MO_WJ_04.ogg;04;16
MO_WJ;PP02_075_MO_WJ_05.ogg;05;17
MO_WJ;PP02_075_MO_WJ_06.ogg;06;18
MO_WJ;PP02_075_MO_WJ_07.ogg;07;19
NS_MA;PP02_045_NS_MA_01.ogg;01;13
NS_MA;PP02_045_NS_MA_02.ogg;02;14
NS_MA;PP02_045_NS_MA_03.ogg;03;15
NS_MA;PP02_045_NS_MA_04.ogg;04;16
NS_MA;PP02_045_NS_MA_05.ogg;05;17
NS_MA;PP02_045_NS_MA_06.ogg;06;18
NS_MA;PP02_045_NS_MA_07.ogg;07;19
NS_WA;PP02_033_NS_WA_01.ogg;01;13
NS_WA;PP02_033_NS_WA_02.ogg;02;14
NS_WA;PP02_033_NS_WA_03.ogg;03;15
NS_WA;PP02_033_NS_WA_04.ogg;04;16
NS_WA;PP02_033_NS_WA_05.ogg;05;17
NS_WA;PP02_033_NS_WA_06.ogg;06;18
NS_WA;PP02_033_NS_WA_07.ogg;07;19
NS_MJ;PP02_004_NS_MJ_01.ogg;01;13
NS_MJ;PP02_004_NS_MJ_02.ogg;02;14
NS_MJ;PP02_004_NS_MJ_03.ogg;03;15
NS_MJ;PP02_004_NS_MJ_04.ogg;04;16
NS_MJ;PP02_004_NS_MJ_05.ogg;05;17
NS_MJ;PP02_004_NS_MJ_06.ogg;06;18
NS_MJ;PP02_004_NS_MJ_07.ogg;07;19
NS_WJ;PP02_047_NS_WJ_01.ogg;01;13
NS_WJ;PP02_047_NS_WJ_02.ogg;02;14
NS_WJ;PP02_047_NS_WJ_03.ogg;03;15
NS_WJ;PP02_047_NS_WJ_04.ogg;04;16
NS_WJ;PP02_047_NS_WJ_05.ogg;05;17
NS_WJ;PP02_047_NS_WJ_06.ogg;06;18
NS_WJ;PP02_047_NS_WJ_07.ogg;07;19
SW_MA;PP02_036_SW_MA_01.ogg;01;13
SW_MA;PP02_036_SW_MA_02.ogg;02;14
SW_MA;PP02_036_SW_MA_03.ogg;03;15
SW_MA;PP02_036_SW_MA_04.ogg;04;16
SW_MA;PP02_036_SW_MA_05.ogg;05;17
SW_MA;PP02_036_SW_MA_06.ogg;06;18
SW_MA;PP02_036_SW_MA_07.ogg;07;19
SW_WA;PP02_038_SW_WA_01.ogg;01;13
SW_WA;PP02_038_SW_WA_02.ogg;02;14
SW_WA;PP02_038_SW_WA_03.ogg;03;15
SW_WA;PP02_038_SW_WA_04.ogg;04;16
SW_WA;PP02_038_SW_WA_05.ogg;05;17
SW_WA;PP02_038_SW_WA_06.ogg;06;18
SW_WA;PP02_038_SW_WA_07.ogg;07;19
MI_MJ;PP02_077_MI_MJ_01.ogg;01;13
MI_MJ;PP02_077_MI_MJ_02.ogg;02;14
MI_MJ;PP02_077_MI_MJ_03.ogg;03;15
MI_MJ;PP02_077_MI_MJ_04.ogg;04;16
MI_MJ;PP02_077_MI_MJ_05.ogg;05;17
MI_MJ;PP02_077_MI_MJ_06.ogg;06;18
MI_MJ;PP02_077_MI_MJ_07.ogg;07;19
LS_MA;PP02_059_LS_MA_01.ogg;01;13
LS_MA;PP02_059_LS_MA_02.ogg;02;14
LS_MA;PP02_059_LS_MA_03.ogg;03;15
LS_MA;PP02_059_LS_MA_04.ogg;04;16
LS_MA;PP02_059_LS_MA_05.ogg;05;17
LS_MA;PP02_059_LS_MA_06.ogg;06;18
LS_MA;PP02_059_LS_MA_07.ogg;07;19
SW_MJ;PP02_085_SW_MJ_01.ogg;01;13
SW_MJ;PP02_085_SW_MJ_02.ogg;02;14
SW_MJ;PP02_085_SW_MJ_03.ogg;03;15
SW_MJ;PP02_085_SW_MJ_04.ogg;04;16
SW_MJ;PP02_085_SW_MJ_05.ogg;05;17
SW_MJ;PP02_085_SW_MJ_06.ogg;06;18
SW_MJ;PP02_085_SW_MJ_07.ogg;07;19
LS_WA;PP02_051_LS_WA_01.ogg;01;13
LS_WA;PP02_051_LS_WA_02.ogg;02;14
LS_WA;PP02_051_LS_WA_03.ogg;03;15
LS_WA;PP02_051_LS_WA_04.ogg;04;16
LS_WA;PP02_051_LS_WA_05.ogg;05;17
LS_WA;PP02_051_LS_WA_06.ogg;06;18
LS_WA;PP02_051_LS_WA_07.ogg;07;19
LS_MJ;PP02_170_LS_MJ_01.ogg;01;13
LS_MJ;PP02_170_LS_MJ_02.ogg;02;14
LS_MJ;PP02_170_LS_MJ_03.ogg;03;15
LS_MJ;PP02_170_LS_MJ_04.ogg;04;16
LS_MJ;PP02_170_LS_MJ_05.ogg;05;17
LS_MJ;PP02_170_LS_MJ_06.ogg;06;18
LS_MJ;PP02_170_LS_MJ_07.ogg;07;19
SW_WJ;PP02_037_SW_WJ_01.ogg;01;13
SW_WJ;PP02_037_SW_WJ_02.ogg;02;14
SW_WJ;PP02_037_SW_WJ_03.ogg;03;15
SW_WJ;PP02_037_SW_WJ_04.ogg;04;16
SW_WJ;PP02_037_SW_WJ_05.ogg;05;17
SW_WJ;PP02_037_SW_WJ_06.ogg;06;18
SW_WJ;PP02_037_SW_WJ_07.ogg;07;19
LS_WJ;PP02_169_LS_WJ_01.ogg;01;13
LS_WJ;PP02_169_LS_WJ_02.ogg;02;14
LS_WJ;PP02_169_LS_WJ_03.ogg;03;15
LS_WJ;PP02_169_LS_WJ_04.ogg;04;16
LS_WJ;PP02_169_LS_WJ_05.ogg;05;17
LS_WJ;PP02_169_LS_WJ_06.ogg;06;18
LS_WJ;PP02_169_LS_WJ_07.ogg;07;19
SG_WA;PP02_044_SG_WA_01.ogg;01;13
SG_WA;PP02_044_SG_WA_02.ogg;02;14
SG_WA;PP02_044_SG_WA_03.ogg;03;15
SG_WA;PP02_044_SG_WA_04.ogg;04;16
SG_WA;PP02_044_SG_WA_05.ogg;05;17
SG_WA;PP02_044_SG_WA_06.ogg;06;18
SG_WA;PP02_044_SG_WA_07.ogg;07;19
SG_MA;PP02_074_SG_MA_01.ogg;01;13
SG_MA;PP02_074_SG_MA_02.ogg;02;14
SG_MA;PP02_074_SG_MA_03.ogg;03;15
SG_MA;PP02_074_SG_MA_04.ogg;04;16
SG_MA;PP02_074_SG_MA_05.ogg;05;17
SG_MA;PP02_074_SG_MA_06.ogg;06;18
SG_MA;PP02_074_SG_MA_07.ogg;07;19
SL_MA;PP02_080_SL_MA_01.ogg;01;13
SL_MA;PP02_080_SL_MA_02.ogg;02;14
SL_MA;PP02_080_SL_MA_03.ogg;03;15
SL_MA;PP02_080_SL_MA_04.ogg;04;16
SL_MA;PP02_080_SL_MA_05.ogg;05;17
SL_MA;PP02_080_SL_MA_06.ogg;06;18
SL_MA;PP02_080_SL_MA_07.ogg;07;19
SL_WA;PP02_082_SL_WA_01.ogg;01;13
SL_WA;PP02_082_SL_WA_02.ogg;02;14
SL_WA;PP02_082_SL_WA_03.ogg;03;15
SL_WA;PP02_082_SL_WA_04.ogg;04;16
SL_WA;PP02_082_SL_WA_05.ogg;05;17
SL_WA;PP02_082_SL_WA_06.ogg;06;18
SL_WA;PP02_082_SL_WA_07.ogg;07;19
SG_MJ;PP02_060_SG_MJ_01.ogg;01;13
SG_MJ;PP02_060_SG_MJ_02.ogg;02;14
SG_MJ;PP02_060_SG_MJ_03.ogg;03;15
SG_MJ;PP02_060_SG_MJ_04.ogg;04;16
SG_MJ;PP02_060_SG_MJ_05.ogg;05;17
SG_MJ;PP02_060_SG_MJ_06.ogg;06;18
SG_MJ;PP02_060_SG_MJ_07.ogg;07;19
SG_WJ;PP02_061_SG_WJ_01.ogg;01;13
SG_WJ;PP02_061_SG_WJ_02.ogg;02;14
SG_WJ;PP02_061_SG_WJ_03.ogg;03;15
SG_WJ;PP02_061_SG_WJ_04.ogg;04;16
SG_WJ;PP02_061_SG_WJ_05.ogg;05;17
SG_WJ;PP02_061_SG_WJ_06.ogg;06;18
SG_WJ;PP02_061_SG_WJ_07.ogg;07;19
SL_MJ;PP02_081_SL_MJ_01.ogg;01;13
SL_MJ;PP02_081_SL_MJ_02.ogg;02;14
SL_MJ;PP02_081_SL_MJ_03.ogg;03;15
SL_MJ;PP02_081_SL_MJ_04.ogg;04;16
SL_MJ;PP02_081_SL_MJ_05.ogg;05;17
SL_MJ;PP02_081_SL_MJ_06.ogg;06;18
SL_MJ;PP02_081_SL_MJ_07.ogg;07;19
SL_WJ;PP02_083_SL_WJ_01.ogg;01;13
SL_WJ;PP02_083_SL_WJ_02.ogg;02;14
SL_WJ;PP02_083_SL_WJ_03.ogg;03;15
SL_WJ;PP02_083_SL_WJ_04.ogg;04;16
SL_WJ;PP02_083_SL_WJ_05.ogg;05;17
SL_WJ;PP02_083_SL_WJ_06.ogg;06;18
SL_WJ;PP02_083_SL_WJ_07.ogg;07;19
PE_MA;PP02_121_PE_MA_01.ogg;01;13
PE_MA;PP02_121_PE_MA_02.ogg;02;14
PE_MA;PP02_121_PE_MA_03.ogg;03;15
PE_MA;PP02_121_PE_MA_04.ogg;04;16
PE_MA;PP02_121_PE_MA_05.ogg;05;17
PE_MA;PP02_121_PE_MA_06.ogg;06;18
PE_MA;PP02_121_PE_MA_07.ogg;07;19
UB_WJ2;PP02_129_UB_WJ2_01.ogg;01;13
UB_WJ2;PP02_129_UB_WJ2_02.ogg;02;14
UB_WJ2;PP02_129_UB_WJ2_03.ogg;03;15
UB_WJ2;PP02_129_UB_WJ2_04.ogg;04;16
UB_WJ2;PP02_129_UB_WJ2_05.ogg;05;17
UB_WJ2;PP02_129_UB_WJ2_06.ogg;06;18
UB_WJ2;PP02_129_UB_WJ2_07.ogg;07;19
